t,count,mean_rate,m1_rate,m5_rate,m15_rate,rate_unit
1622169869,0,0.000000,0.000000,0.000000,0.000000,events/second
1622169943,1,0.016829,0.015991,0.003306,0.001108,events/second
1622170003,1,0.008374,0.005883,0.002706,0.001037,events/second
1622170063,1,0.005575,0.002164,0.002216,0.000970,events/second
1622170219,0,0.000000,0.000000,0.000000,0.000000,events/second
1622170322,0,0.000000,0.000000,0.000000,0.000000,events/second
1622170464,0,0.000000,0.000000,0.000000,0.000000,events/second
