t,count,max,mean,min,stddev,p50,p75,p95,p98,p99,p999,mean_rate,m1_rate,m5_rate,m15_rate,rate_unit,duration_unit
1622169869,0,0.000000,0.000000,0.000000,0.000000,0.000000,0.000000,0.000000,0.000000,0.000000,0.000000,0.000000,0.000000,0.000000,0.000000,calls/second,milliseconds
1622169943,2,144.000000,71.963760,1.000000,71.497989,1.000000,144.000000,144.000000,144.000000,144.000000,144.000000,0.033645,0.031982,0.006611,0.002216,calls/second,milliseconds
1622170003,2,144.000000,71.963760,1.000000,71.497989,1.000000,144.000000,144.000000,144.000000,144.000000,144.000000,0.016742,0.011766,0.005413,0.002073,calls/second,milliseconds
1622170063,3,144.000000,28.955078,1.000000,54.316721,4.000000,4.000000,144.000000,144.000000,144.000000,144.000000,0.016723,0.013252,0.007373,0.003005,calls/second,milliseconds
1622170219,0,0.000000,0.000000,0.000000,0.000000,0.000000,0.000000,0.000000,0.000000,0.000000,0.000000,0.000000,0.000000,0.000000,0.000000,calls/second,milliseconds
1622170322,1,149.000000,149.000000,149.000000,0.000000,149.000000,149.000000,149.000000,149.000000,149.000000,149.000000,0.016766,0.007554,0.002845,0.001054,calls/second,milliseconds
1622170464,1,278.000000,278.000000,278.000000,0.000000,278.000000,278.000000,278.000000,278.000000,278.000000,278.000000,0.016795,0.007554,0.002845,0.001054,calls/second,milliseconds
