t,count,mean_rate,m1_rate,m5_rate,m15_rate,rate_unit
1622168420,0,0.000000,0.000000,0.000000,0.000000,events/second
1622168944,0,0.000000,0.000000,0.000000,0.000000,events/second
1622169869,0,0.000000,0.000000,0.000000,0.000000,events/second
1622169943,0,0.000000,0.000000,0.000000,0.000000,events/second
1622170003,0,0.000000,0.000000,0.000000,0.000000,events/second
1622170063,0,0.000000,0.000000,0.000000,0.000000,events/second
1622170219,0,0.000000,0.000000,0.000000,0.000000,events/second
1622170322,0,0.000000,0.000000,0.000000,0.000000,events/second
1622170464,0,0.000000,0.000000,0.000000,0.000000,events/second
