t,count,max,mean,min,stddev,p50,p75,p95,p98,p99,p999,mean_rate,m1_rate,m5_rate,m15_rate,rate_unit,duration_unit
1622168420,0,0.000000,0.000000,0.000000,0.000000,0.000000,0.000000,0.000000,0.000000,0.000000,0.000000,0.000000,0.000000,0.000000,0.000000,calls/second,milliseconds
1622168944,0,0.000000,0.000000,0.000000,0.000000,0.000000,0.000000,0.000000,0.000000,0.000000,0.000000,0.000000,0.000000,0.000000,0.000000,calls/second,milliseconds
1622169869,0,0.000000,0.000000,0.000000,0.000000,0.000000,0.000000,0.000000,0.000000,0.000000,0.000000,0.000000,0.000000,0.000000,0.000000,calls/second,milliseconds
1622169943,1,0.045700,0.045700,0.045700,0.000000,0.045700,0.045700,0.045700,0.045700,0.045700,0.045700,0.016811,0.015991,0.003306,0.001108,calls/second,milliseconds
1622170003,1,0.045700,0.045700,0.045700,0.000000,0.045700,0.045700,0.045700,0.045700,0.045700,0.045700,0.008368,0.005883,0.002706,0.001037,calls/second,milliseconds
1622170063,2,0.045700,0.012935,0.003500,0.017582,0.003500,0.003500,0.045700,0.045700,0.045700,0.045700,0.011147,0.011088,0.005158,0.002035,calls/second,milliseconds
1622170219,0,0.000000,0.000000,0.000000,0.000000,0.000000,0.000000,0.000000,0.000000,0.000000,0.000000,0.000000,0.000000,0.000000,0.000000,calls/second,milliseconds
1622170322,1,0.052700,0.052700,0.052700,0.000000,0.052700,0.052700,0.052700,0.052700,0.052700,0.052700,0.016763,0.007554,0.002845,0.001054,calls/second,milliseconds
1622170464,1,0.131800,0.131800,0.131800,0.000000,0.131800,0.131800,0.131800,0.131800,0.131800,0.131800,0.016794,0.007554,0.002845,0.001054,calls/second,milliseconds
1622170524,1,0.131800,0.131800,0.131800,0.000000,0.131800,0.131800,0.131800,0.131800,0.131800,0.131800,0.008368,0.002779,0.002329,0.000986,calls/second,milliseconds
1622170584,1,0.131800,0.131800,0.131800,0.000000,0.131800,0.131800,0.131800,0.131800,0.131800,0.131800,0.005571,0.001022,0.001907,0.000922,calls/second,milliseconds
1622170644,1,0.131800,0.131800,0.131800,0.000000,0.131800,0.131800,0.131800,0.131800,0.131800,0.131800,0.004176,0.000376,0.001562,0.000863,calls/second,milliseconds
1622170704,1,0.131800,0.131800,0.131800,0.000000,0.131800,0.131800,0.131800,0.131800,0.131800,0.131800,0.003339,0.000138,0.001278,0.000807,calls/second,milliseconds
1622170863,0,0.000000,0.000000,0.000000,0.000000,0.000000,0.000000,0.000000,0.000000,0.000000,0.000000,0.000000,0.000000,0.000000,0.000000,calls/second,milliseconds
