t,count,max,mean,min,stddev,p50,p75,p95,p98,p99,p999,mean_rate,m1_rate,m5_rate,m15_rate,rate_unit,duration_unit
1622168420,0,0.000000,0.000000,0.000000,0.000000,0.000000,0.000000,0.000000,0.000000,0.000000,0.000000,0.000000,0.000000,0.000000,0.000000,calls/second,milliseconds
1622168944,0,0.000000,0.000000,0.000000,0.000000,0.000000,0.000000,0.000000,0.000000,0.000000,0.000000,0.000000,0.000000,0.000000,0.000000,calls/second,milliseconds
1622169869,0,0.000000,0.000000,0.000000,0.000000,0.000000,0.000000,0.000000,0.000000,0.000000,0.000000,0.000000,0.000000,0.000000,0.000000,calls/second,milliseconds
1622169943,1,0.030200,0.030200,0.030200,0.000000,0.030200,0.030200,0.030200,0.030200,0.030200,0.030200,0.016811,0.015991,0.003306,0.001108,calls/second,milliseconds
1622170003,1,0.030200,0.030200,0.030200,0.000000,0.030200,0.030200,0.030200,0.030200,0.030200,0.030200,0.008368,0.005883,0.002706,0.001037,calls/second,milliseconds
1622170063,2,0.030200,0.009702,0.003800,0.010999,0.003800,0.003800,0.030200,0.030200,0.030200,0.030200,0.011147,0.011088,0.005158,0.002035,calls/second,milliseconds
1622170219,0,0.000000,0.000000,0.000000,0.000000,0.000000,0.000000,0.000000,0.000000,0.000000,0.000000,0.000000,0.000000,0.000000,0.000000,calls/second,milliseconds
1622170322,1,0.039500,0.039500,0.039500,0.000000,0.039500,0.039500,0.039500,0.039500,0.039500,0.039500,0.016764,0.007554,0.002845,0.001054,calls/second,milliseconds
1622170464,1,0.072500,0.072500,0.072500,0.000000,0.072500,0.072500,0.072500,0.072500,0.072500,0.072500,0.016794,0.007554,0.002845,0.001054,calls/second,milliseconds
