t,count,max,mean,min,stddev,p50,p75,p95,p98,p99,p999,mean_rate,m1_rate,m5_rate,m15_rate,rate_unit,duration_unit
1622168420,0,0.000000,0.000000,0.000000,0.000000,0.000000,0.000000,0.000000,0.000000,0.000000,0.000000,0.000000,0.000000,0.000000,0.000000,calls/second,milliseconds
1622168944,0,0.000000,0.000000,0.000000,0.000000,0.000000,0.000000,0.000000,0.000000,0.000000,0.000000,0.000000,0.000000,0.000000,0.000000,calls/second,milliseconds
1622169869,0,0.000000,0.000000,0.000000,0.000000,0.000000,0.000000,0.000000,0.000000,0.000000,0.000000,0.000000,0.000000,0.000000,0.000000,calls/second,milliseconds
1622169943,1,95.156600,95.156600,95.156600,0.000000,95.156600,95.156600,95.156600,95.156600,95.156600,95.156600,0.016810,0.015991,0.003306,0.001108,calls/second,milliseconds
1622170003,1,95.156600,95.156600,95.156600,0.000000,95.156600,95.156600,95.156600,95.156600,95.156600,95.156600,0.008368,0.005883,0.002706,0.001037,calls/second,milliseconds
1622170063,2,95.156600,23.575288,2.964100,38.410622,2.964100,2.964100,95.156600,95.156600,95.156600,95.156600,0.011147,0.011088,0.005158,0.002035,calls/second,milliseconds
1622170219,0,0.000000,0.000000,0.000000,0.000000,0.000000,0.000000,0.000000,0.000000,0.000000,0.000000,0.000000,0.000000,0.000000,0.000000,calls/second,milliseconds
1622170322,1,110.437300,110.437300,110.437300,0.000000,110.437300,110.437300,110.437300,110.437300,110.437300,110.437300,0.016763,0.007554,0.002845,0.001054,calls/second,milliseconds
1622170464,1,192.645300,192.645300,192.645300,0.000000,192.645300,192.645300,192.645300,192.645300,192.645300,192.645300,0.016793,0.007554,0.002845,0.001054,calls/second,milliseconds
